--Person Insert Values
insert into Person (p_ID, p_SSN, p_First_Name, p_Last_Name, p_Father_Name, p_Phone_Number, p_Birth_Date, p_Birth_Place, p_Email, p_LevelOf_Education) values (1, '8518211269', 'Claresta', 'Zanelli', 'Gib', '09258902773', '2000-05-26', 'Little Rock', 'gzanelli0@acquirethisname.com', 'PHD');
insert into Person (p_ID, p_SSN, p_First_Name, p_Last_Name, p_Father_Name, p_Phone_Number, p_Birth_Date, p_Birth_Place, p_Email, p_LevelOf_Education) values (2, '2313701020', 'Hubey', 'Prout', 'Berk', '09657274145', '2000-06-17', 'Mugumu', 'bprout1@cisco.com', 'Master');
insert into Person (p_ID, p_SSN, p_First_Name, p_Last_Name, p_Father_Name, p_Phone_Number, p_Birth_Date, p_Birth_Place, p_Email, p_LevelOf_Education) values (3, '5278691871', 'Ferdy', 'Orris', 'Ode', '09630010035', '2000-08-31', 'Xudat', 'oorris2@tuttocitta.it', 'PHD');
insert into Person (p_ID, p_SSN, p_First_Name, p_Last_Name, p_Father_Name, p_Phone_Number, p_Birth_Date, p_Birth_Place, p_Email, p_LevelOf_Education) values (4, '3043137269', 'Sandye', 'Feathersby', 'Ebeneser', '09445572793', '2000-08-24', 'Xiayang', 'efeathersby3@nifty.com', 'Master');
insert into Person (p_ID, p_SSN, p_First_Name, p_Last_Name, p_Father_Name, p_Phone_Number, p_Birth_Date, p_Birth_Place, p_Email, p_LevelOf_Education) values (5, '4167581849', 'Gertrudis', 'Mathison', 'Pietrek', '09166229211', '2000-04-03', 'Ra-ngae', 'pmathison4@livejournal.com', 'Master');
insert into Person (p_ID, p_SSN, p_First_Name, p_Last_Name, p_Father_Name, p_Phone_Number, p_Birth_Date, p_Birth_Place, p_Email, p_LevelOf_Education) values (6, '1365057504', 'Muhammad', 'Klulicek', 'Egbert', '09585144634', '2000-09-20', 'Ploemeur', 'eklulicek5@tuttocitta.it', 'Master');
insert into Person (p_ID, p_SSN, p_First_Name, p_Last_Name, p_Father_Name, p_Phone_Number, p_Birth_Date, p_Birth_Place, p_Email, p_LevelOf_Education) values (7, '5196496005', 'Shea', 'Caulton', 'Herb', '09723790644', '2000-08-23', 'Kyzyl-Burun', 'hcaulton6@nytimes.com', 'Bachelor');
insert into Person (p_ID, p_SSN, p_First_Name, p_Last_Name, p_Father_Name, p_Phone_Number, p_Birth_Date, p_Birth_Place, p_Email, p_LevelOf_Education) values (8, '3607419438', 'Sanderson', 'Langhorne', 'Brose', '09757226572', '2000-01-27', 'Minnedosa', 'blanghorne7@mail.ru', 'PHD');
insert into Person (p_ID, p_SSN, p_First_Name, p_Last_Name, p_Father_Name, p_Phone_Number, p_Birth_Date, p_Birth_Place, p_Email, p_LevelOf_Education) values (9, '9422606368', 'Jude', 'Grevile', 'Vick', '09893127012', '2000-11-11', 'Kabulusan', 'vgrevile8@over-blog.com', 'Bachelor');
insert into Person (p_ID, p_SSN, p_First_Name, p_Last_Name, p_Father_Name, p_Phone_Number, p_Birth_Date, p_Birth_Place, p_Email, p_LevelOf_Education) values (10, '5819587647', 'Shandra', 'Francescuzzi', 'Lorne', '09096551467', '2000-09-21', 'Tajumulco', 'lfrancescuzzi9@nba.com', 'Master');
insert into Person (p_ID, p_SSN, p_First_Name, p_Last_Name, p_Father_Name, p_Phone_Number, p_Birth_Date, p_Birth_Place, p_Email, p_LevelOf_Education) values (11, '5521999487', 'Susan', 'Dunbabin', 'Osbert', '09456925052', '2000-02-18', 'Chimbote', 'odunbabina@woothemes.com', 'Elementary');
insert into Person (p_ID, p_SSN, p_First_Name, p_Last_Name, p_Father_Name, p_Phone_Number, p_Birth_Date, p_Birth_Place, p_Email, p_LevelOf_Education) values (12, '7202505752', 'Tad', 'Barrowcliffe', 'Orlando', '09700155431', '2000-09-03', 'Hutag', 'obarrowcliffeb@google.com.au', 'Master');
insert into Person (p_ID, p_SSN, p_First_Name, p_Last_Name, p_Father_Name, p_Phone_Number, p_Birth_Date, p_Birth_Place, p_Email, p_LevelOf_Education) values (13, '1278048662', 'Clement', 'Boerder', 'Weidar', '09253448408', '2000-08-30', 'Qiagai', 'wboerderc@si.edu', 'PHD');
insert into Person (p_ID, p_SSN, p_First_Name, p_Last_Name, p_Father_Name, p_Phone_Number, p_Birth_Date, p_Birth_Place, p_Email, p_LevelOf_Education) values (14, '4341070416', 'Salomo', 'Pirozzi', 'Chick', '09695414908', '2000-02-08', 'Gaoyi', 'cpirozzid@craigslist.org', 'PHD');
insert into Person (p_ID, p_SSN, p_First_Name, p_Last_Name, p_Father_Name, p_Phone_Number, p_Birth_Date, p_Birth_Place, p_Email, p_LevelOf_Education) values (15, '4831058279', 'Dinah', 'Korbmaker', 'Tomlin', '09089743963', '2000-08-25', 'Fenyan', 'tkorbmakere@chronoengine.com', 'Diploma');
insert into Person (p_ID, p_SSN, p_First_Name, p_Last_Name, p_Father_Name, p_Phone_Number, p_Birth_Date, p_Birth_Place, p_Email, p_LevelOf_Education) values (16, '7532026790', 'Melanie', 'McComiskie', 'Natty', '09645588363', '2000-10-09', 'Dankunku', 'nmccomiskief@alexa.com', 'Diploma');
insert into Person (p_ID, p_SSN, p_First_Name, p_Last_Name, p_Father_Name, p_Phone_Number, p_Birth_Date, p_Birth_Place, p_Email, p_LevelOf_Education) values (17, '8149814341', 'Eirena', 'Titman', 'Brigg', '09638324880', '2000-05-14', 'Kotsyubyns’ke', 'btitmang@zimbio.com', 'Master');
insert into Person (p_ID, p_SSN, p_First_Name, p_Last_Name, p_Father_Name, p_Phone_Number, p_Birth_Date, p_Birth_Place, p_Email, p_LevelOf_Education) values (18, '5755305478', 'Saunder', 'Shires', 'Reamonn', '09980096361', '2000-01-22', 'Santa Ana', 'rshiresh@nyu.edu', 'PHD');
insert into Person (p_ID, p_SSN, p_First_Name, p_Last_Name, p_Father_Name, p_Phone_Number, p_Birth_Date, p_Birth_Place, p_Email, p_LevelOf_Education) values (19, '8348746483', 'Dollie', 'Cahillane', 'Tomlin', '09085931321', '2000-09-06', 'Águia Branca', 'tcahillanei@typepad.com', 'Bachelor');
insert into Person (p_ID, p_SSN, p_First_Name, p_Last_Name, p_Father_Name, p_Phone_Number, p_Birth_Date, p_Birth_Place, p_Email, p_LevelOf_Education) values (20, '3909707115', 'Earvin', 'Kleszinski', 'Dunstan', '09240397561', '2000-03-28', 'La Eduvigis', 'dkleszinskij@bloglines.com', 'Bachelor');

--Student Insert Values
insert into Student (s_PersonID, Student_ID) values (1,1);
insert into Student (s_PersonID, Student_ID) values (2,2);
insert into Student (s_PersonID, Student_ID) values (3,3);
insert into Student (s_PersonID, Student_ID) values (4,4);
insert into Student (s_PersonID, Student_ID) values (5,5);
insert into Student (s_PersonID, Student_ID) values (6,6);
insert into Student (s_PersonID, Student_ID) values (7,7);
insert into Student (s_PersonID, Student_ID) values (8,8);
insert into Student (s_PersonID, Student_ID) values (9,9);
insert into Student (s_PersonID, Student_ID) values (10,10);


--Instructor Insert Values
insert into Instructor (i_PersonID, Instructor_ID) values (11,1);
insert into Instructor (i_PersonID, Instructor_ID) values (12,2);
insert into Instructor (i_PersonID, Instructor_ID) values (13,3);
insert into Instructor (i_PersonID, Instructor_ID) values (14,4);
insert into Instructor (i_PersonID, Instructor_ID) values (15,5);
insert into Instructor (i_PersonID, Instructor_ID) values (16,6);
insert into Instructor (i_PersonID, Instructor_ID) values (17,7);
insert into Instructor (i_PersonID, Instructor_ID) values (18,8);
insert into Instructor (i_PersonID, Instructor_ID) values (19,9);
insert into Instructor (i_PersonID, Instructor_ID) values (20,10);


--Instrument Insert Values
insert into Instrument(Instrument_ID, Instrument_Name, TypesOf_Instrument) values (1, 'Piano', 'String');
insert into Instrument(Instrument_ID, Instrument_Name, TypesOf_Instrument) values (2, 'Guitar', 'String');
insert into Instrument(Instrument_ID, Instrument_Name, TypesOf_Instrument) values (3, 'Violin', 'String');
insert into Instrument(Instrument_ID, Instrument_Name, TypesOf_Instrument) values (4, 'Flute', 'Wind');
insert into Instrument(Instrument_ID, Instrument_Name, TypesOf_Instrument) values (5, 'Harmonica', 'Wind');
insert into Instrument(Instrument_ID, Instrument_Name, TypesOf_Instrument) values (6, 'Cajon', 'Percussion');
insert into Instrument(Instrument_ID, Instrument_Name, TypesOf_Instrument) values (7, 'Trumpet', 'Wind');
insert into Instrument(Instrument_ID, Instrument_Name, TypesOf_Instrument) values (8, 'Drums', 'Percussion');


--Institute Insert Values
insert into Institute (Institute_ID, Institute_Name, Institute_Address, Institute_Founder) values (1, 'Pars', '554 Riverside Alley', 'Megen Palfreyman');
insert into Institute (Institute_ID, Institute_Name, Institute_Address, Institute_Founder) values (2, 'Sol', '2 Erie Place', 'Sloane Lawling');
insert into Institute (Institute_ID, Institute_Name, Institute_Address, Institute_Founder) values (3, 'Oranus', '3 Heffernan Place', 'Maje Sirrell');
insert into Institute (Institute_ID, Institute_Name, Institute_Address, Institute_Founder) values (4, 'Opal', '5 Erie Lane', 'Martyn Ingyon');


--Educational_Book Insert Values
insert into Educational_Book (Book_ID, b_InstrumentID, Book_Name, Book_Price, Book_Author, Book_Publisher, Book_level, Book_Circulation) values (1, 1, 'Piano2', 64, 'Annie Beevis', 'McKenzie and Sons', 'Intermediate', 565);
insert into Educational_Book (Book_ID, b_InstrumentID, Book_Name, Book_Price, Book_Author, Book_Publisher, Book_level, Book_Circulation) values (2, 8, 'Drums3', 89, 'Nappy Emlin', 'Ullrich Inc', 'Advanced', 806);
insert into Educational_Book (Book_ID, b_InstrumentID, Book_Name, Book_Price, Book_Author, Book_Publisher, Book_level, Book_Circulation) values (3, 5, 'Harmonica2', 71, 'Delcina Ternouth', 'Reinger', 'Intermediate', 914);
insert into Educational_Book (Book_ID, b_InstrumentID, Book_Name, Book_Price, Book_Author, Book_Publisher, Book_level, Book_Circulation) values (4, 2, 'Guitar2', 30, 'Therine Wybron', 'Barton', 'Intermediate', 597);
insert into Educational_Book (Book_ID, b_InstrumentID, Book_Name, Book_Price, Book_Author, Book_Publisher, Book_level, Book_Circulation) values (5, 8, 'Drums1', 66, 'Stanislas Watts', 'Bradtke', 'Beginner', 665);
insert into Educational_Book (Book_ID, b_InstrumentID, Book_Name, Book_Price, Book_Author, Book_Publisher, Book_level, Book_Circulation) values (6, 3, 'Violin3', 103, 'Godfree MacCartair', 'Bauch', 'Advanced', 941);
insert into Educational_Book (Book_ID, b_InstrumentID, Book_Name, Book_Price, Book_Author, Book_Publisher, Book_level, Book_Circulation) values (7, 7, 'Trumpet3', 47, 'Klarika Meriel', 'Crooks and Hahn', 'Advanced', 550);
insert into Educational_Book (Book_ID, b_InstrumentID, Book_Name, Book_Price, Book_Author, Book_Publisher, Book_level, Book_Circulation) values (8, 6, 'Cajon2', 112, 'Caryl Swansborough', 'Wehner Inc', 'Intermediate', 724);
insert into Educational_Book (Book_ID, b_InstrumentID, Book_Name, Book_Price, Book_Author, Book_Publisher, Book_level, Book_Circulation) values (9, 1, 'Piano3', 66, 'Donica Robillard', 'Mraz-Zieme', 'Advanced', 542);
insert into Educational_Book (Book_ID, b_InstrumentID, Book_Name, Book_Price, Book_Author, Book_Publisher, Book_level, Book_Circulation) values (10, 4, 'Flute2', 57, 'Katina Wilsdon', 'Koelpin', 'Intermediate', 229);
insert into Educational_Book (Book_ID, b_InstrumentID, Book_Name, Book_Price, Book_Author, Book_Publisher, Book_level, Book_Circulation) values (11, 7, 'Trumpet2', 11, 'Korrie Sinkins', 'Cole-Haag', 'Intermediate', 361);
insert into Educational_Book (Book_ID, b_InstrumentID, Book_Name, Book_Price, Book_Author, Book_Publisher, Book_level, Book_Circulation) values (12, 8, 'Drums2', 60, 'Ritchie Aronovitz', 'Koelpin', 'Advanced', 353);
insert into Educational_Book (Book_ID, b_InstrumentID, Book_Name, Book_Price, Book_Author, Book_Publisher, Book_level, Book_Circulation) values (13, 4, 'Flute1', 62, 'Blanch Edghinn', 'Hane and Sons', 'Beginner', 742);
insert into Educational_Book (Book_ID, b_InstrumentID, Book_Name, Book_Price, Book_Author, Book_Publisher, Book_level, Book_Circulation) values (14, 3, 'Violin2', 56, 'Gianni Hubball', 'Conn-Ferry', 'Intermediate', 537);
insert into Educational_Book (Book_ID, b_InstrumentID, Book_Name, Book_Price, Book_Author, Book_Publisher, Book_level, Book_Circulation) values (15, 1, 'Piano1', 52, 'Omar Botterell', 'Hilll, Stracke', 'Beginner', 354);
insert into Educational_Book (Book_ID, b_InstrumentID, Book_Name, Book_Price, Book_Author, Book_Publisher, Book_level, Book_Circulation) values (16, 6, 'Cajon3', 57, 'Marlo Mabson', 'Herman-Erdman', 'Advanced', 863);
insert into Educational_Book (Book_ID, b_InstrumentID, Book_Name, Book_Price, Book_Author, Book_Publisher, Book_level, Book_Circulation) values (17, 3, 'Violin1', 78, 'Lela Heppenspall', 'Wilkinson', 'Beginner', 929);
insert into Educational_Book (Book_ID, b_InstrumentID, Book_Name, Book_Price, Book_Author, Book_Publisher, Book_level, Book_Circulation) values (18, 2, 'Guitar3', 51, 'Odie Gipp', 'Romaguera-Rippin', 'Advanced', 320);
insert into Educational_Book (Book_ID, b_InstrumentID, Book_Name, Book_Price, Book_Author, Book_Publisher, Book_level, Book_Circulation) values (19, 5, 'Harmonica1', 69, 'Thomasa Yakovlev', 'Gottlieb', 'Beginner', 948);


--Class Insert Values
insert into Class (Class_ID, c_InstrumentID, c_InstructorID, c_InstituteId, c_TimeOfClass, First_Session) values (1, 1, 1, 1, '08:30:00', '2023-10-03')
insert into Class (Class_ID, c_InstrumentID, c_InstructorID, c_InstituteId, c_TimeOfClass, First_Session) values (2, 2, 2, 2, '09:30:00', '2023-10-28')
insert into Class (Class_ID, c_InstrumentID, c_InstructorID, c_InstituteId, c_TimeOfClass, First_Session) values (3, 1, 3, 1, '10:30:00', '2023-11-01')
insert into Class (Class_ID, c_InstrumentID, c_InstructorID, c_InstituteId, c_TimeOfClass, First_Session) values (4, 2, 4, 3, '11:30:00', '2023-10-06')
insert into Class (Class_ID, c_InstrumentID, c_InstructorID, c_InstituteId, c_TimeOfClass, First_Session) values (5, 3, 6, 3, '12:00:00', '2023-10-04')
insert into Class (Class_ID, c_InstrumentID, c_InstructorID, c_InstituteId, c_TimeOfClass, First_Session) values (6, 8, 10, 2, '13:30:00', '2023-11-28')
insert into Class (Class_ID, c_InstrumentID, c_InstructorID, c_InstituteId, c_TimeOfClass, First_Session) values (7, 3, 6, 2, '14:30:00', '2023-10-08')
insert into Class (Class_ID, c_InstrumentID, c_InstructorID, c_InstituteId, c_TimeOfClass, First_Session) values (8, 8, 10, 1, '15:30:00', '2023-11-05')
insert into Class (Class_ID, c_InstrumentID, c_InstructorID, c_InstituteId, c_TimeOfClass, First_Session) values (9, 5, 7, 3, '16:30:00', '2023-10-09')
insert into Class (Class_ID, c_InstrumentID, c_InstructorID, c_InstituteId, c_TimeOfClass, First_Session) values (10, 4, 8, 2, '17:30:00','2023-10-04')

insert into Class (Class_ID, c_InstrumentID, c_InstructorID, c_InstituteId, c_TimeOfClass, First_Session) values (11, 1, 2, 1, '08:30:00','2023-07-17')
insert into Class (Class_ID, c_InstrumentID, c_InstructorID, c_InstituteId, c_TimeOfClass, First_Session) values (12, 2, 1, 3, '09:30:00','2023-07-18')
insert into Class (Class_ID, c_InstrumentID, c_InstructorID, c_InstituteId, c_TimeOfClass, First_Session) values (13, 1, 4, 2, '10:30:00','2023-07-20')
insert into Class (Class_ID, c_InstrumentID, c_InstructorID, c_InstituteId, c_TimeOfClass, First_Session) values (14, 2, 3, 3, '11:00:00','2023-08-13')
insert into Class (Class_ID, c_InstrumentID, c_InstructorID, c_InstituteId, c_TimeOfClass, First_Session) values (15, 3, 7, 2, '12:00:00','2023-08-09')
insert into Class (Class_ID, c_InstrumentID, c_InstructorID, c_InstituteId, c_TimeOfClass, First_Session) values (16, 8, 9, 2, '13:00:00','2023-07-10')
insert into Class (Class_ID, c_InstrumentID, c_InstructorID, c_InstituteId, c_TimeOfClass, First_Session) values (17, 3, 7, 1, '14:00:00','2023-08-03')
insert into Class (Class_ID, c_InstrumentID, c_InstructorID, c_InstituteId, c_TimeOfClass, First_Session) values (18, 8, 9, 3, '15:00:00','2023-08-09')
insert into Class (Class_ID, c_InstrumentID, c_InstructorID, c_InstituteId, c_TimeOfClass, First_Session) values (19, 6, 10, 3, '16:30:00','2023-07-15')
insert into Class (Class_ID, c_InstrumentID, c_InstructorID, c_InstituteId, c_TimeOfClass, First_Session) values (20, 4, 8, 3, '17:30:00','2023-07-09')

insert into Class (Class_ID, c_InstrumentID, c_InstructorID, c_InstituteId, c_TimeOfClass, First_Session) values (21, 1, 1, 2, '08:30:00', '2023-04-19')
insert into Class (Class_ID, c_InstrumentID, c_InstructorID, c_InstituteId, c_TimeOfClass, First_Session) values (22, 2, 2, 1, '09:30:00', '2023-04-26')
insert into Class (Class_ID, c_InstrumentID, c_InstructorID, c_InstituteId, c_TimeOfClass, First_Session) values (23, 1, 1, 1, '11:30:00', '2023-05-21')
insert into Class (Class_ID, c_InstrumentID, c_InstructorID, c_InstituteId, c_TimeOfClass, First_Session) values (24, 2, 2, 2, '12:30:00', '2023-04-27')
insert into Class (Class_ID, c_InstrumentID, c_InstructorID, c_InstituteId, c_TimeOfClass, First_Session) values (25, 3, 4, 3, '15:30:00', '2023-05-05')
insert into Class (Class_ID, c_InstrumentID, c_InstructorID, c_InstituteId, c_TimeOfClass, First_Session) values (26, 8, 3, 2, '13:30:00', '2023-05-13')
insert into Class (Class_ID, c_InstrumentID, c_InstructorID, c_InstituteId, c_TimeOfClass, First_Session) values (27, 3, 4, 2, '10:30:00', '2023-06-07')
insert into Class (Class_ID, c_InstrumentID, c_InstructorID, c_InstituteId, c_TimeOfClass, First_Session) values (28, 8, 3, 3, '16:30:00', '2023-05-11')
insert into Class (Class_ID, c_InstrumentID, c_InstructorID, c_InstituteId, c_TimeOfClass, First_Session) values (29, 5, 7, 1, '18:30:00', '2023-05-03')
insert into Class (Class_ID, c_InstrumentID, c_InstructorID, c_InstituteId, c_TimeOfClass, First_Session) values (30, 7, 8, 1, '19:30:00', '2023-06-02')

insert into Class (Class_ID, c_InstrumentID, c_InstructorID, c_InstituteId, c_TimeOfClass, First_Session) values (31, 1, 3, 1, '09:00:00', '2023-01-27')
insert into Class (Class_ID, c_InstrumentID, c_InstructorID, c_InstituteId, c_TimeOfClass, First_Session) values (32, 2, 4, 3, '10:00:00', '2023-01-19')
insert into Class (Class_ID, c_InstrumentID, c_InstructorID, c_InstituteId, c_TimeOfClass, First_Session) values (33, 1, 3, 2, '11:00:00', '2023-01-22')
insert into Class (Class_ID, c_InstrumentID, c_InstructorID, c_InstituteId, c_TimeOfClass, First_Session) values (34, 2, 4, 2, '16:00:00', '2023-02-05')
insert into Class (Class_ID, c_InstrumentID, c_InstructorID, c_InstituteId, c_TimeOfClass, First_Session) values (35, 3, 2, 3, '12:00:00', '2023-02-21')
insert into Class (Class_ID, c_InstrumentID, c_InstructorID, c_InstituteId, c_TimeOfClass, First_Session) values (36, 8, 1, 2, '13:00:00', '2023-02-05')
insert into Class (Class_ID, c_InstrumentID, c_InstructorID, c_InstituteId, c_TimeOfClass, First_Session) values (37, 3, 2, 3, '18:00:00', '2023-02-28')
insert into Class (Class_ID, c_InstrumentID, c_InstructorID, c_InstituteId, c_TimeOfClass, First_Session) values (38, 8, 1, 2, '19:00:00', '2023-02-08')
insert into Class (Class_ID, c_InstrumentID, c_InstructorID, c_InstituteId, c_TimeOfClass, First_Session) values (39, 6, 5, 2, '20:00:00', '2023-01-25')
insert into Class (Class_ID, c_InstrumentID, c_InstructorID, c_InstituteId, c_TimeOfClass, First_Session) values (40, 7, 10, 1,'14:00:00', '2023-02-25')


insert into Class (Class_ID, c_InstrumentID, c_InstructorID, c_InstituteId, c_TimeOfClass, First_Session) values (41, 1, 3, 1, '14:00:00', '2022-10-28')
insert into Class (Class_ID, c_InstrumentID, c_InstructorID, c_InstituteId, c_TimeOfClass, First_Session) values (42, 3, 1, 3, '12:00:00', '2022-10-13')
insert into Class (Class_ID, c_InstrumentID, c_InstructorID, c_InstituteId, c_TimeOfClass, First_Session) values (43, 2, 4, 1, '13:00:00', '2022-10-29')
insert into Class (Class_ID, c_InstrumentID, c_InstructorID, c_InstituteId, c_TimeOfClass, First_Session) values (44, 6, 8, 2, '15:00:00', '2022-10-11')
insert into Class (Class_ID, c_InstrumentID, c_InstructorID, c_InstituteId, c_TimeOfClass, First_Session) values (45, 7, 10, 3,'16:00:00', '2022-10-26')
insert into Class (Class_ID, c_InstrumentID, c_StudentID, c_InstructorID, c_InstituteId, c_TimeOfClass, First_Session) values (46, 1, 3, 1, 2, '11:00:00', '2022-10-15')
insert into Class (Class_ID, c_InstrumentID, c_StudentID, c_InstructorID, c_InstituteId, c_TimeOfClass, First_Session) values (47, 1, 1, 3, 3, '10:00:00', '2022-10-31')
insert into Class (Class_ID, c_InstrumentID, c_StudentID, c_InstructorID, c_InstituteId, c_TimeOfClass, First_Session) values (48, 2, 9, 4, 3, '09:00:00', '2022-10-19')
insert into Class (Class_ID, c_InstrumentID, c_StudentID, c_InstructorID, c_InstituteId, c_TimeOfClass, First_Session) values (49, 4, 10, 2, 1,'17:00:00', '2022-10-12')
insert into Class (Class_ID, c_InstrumentID, c_StudentID, c_InstructorID, c_InstituteId, c_TimeOfClass, First_Session) values (50, 3, 8, 1, 1, '18:00:00', '2022-10-22')

insert into Class (Class_ID, c_InstrumentID, c_InstructorID, c_InstituteId, c_TimeOfClass, First_Session) values (51, 1, 1, 1, '12:30:00','2022-08-30')
insert into Class (Class_ID, c_InstrumentID, c_InstructorID, c_InstituteId, c_TimeOfClass, First_Session) values (52, 2, 4, 2, '13:30:00','2022-08-23')
insert into Class (Class_ID, c_InstrumentID, c_InstructorID, c_InstituteId, c_TimeOfClass, First_Session) values (53, 1, 1, 1, '11:30:00','2022-08-30')
insert into Class (Class_ID, c_InstrumentID, c_InstructorID, c_InstituteId, c_TimeOfClass, First_Session) values (54, 2, 2, 3, '10:30:00','2022-08-21')
insert into Class (Class_ID, c_InstrumentID, c_InstructorID, c_InstituteId, c_TimeOfClass, First_Session) values (55, 8, 6, 2, '19:30:00','2022-07-26')
insert into Class (Class_ID, c_InstrumentID, c_StudentID, c_InstructorID, c_InstituteId, c_TimeOfClass, First_Session) values (56, 4, 8, 5, 1, '16:30:00','2022-07-17')
insert into Class (Class_ID, c_InstrumentID, c_StudentID, c_InstructorID, c_InstituteId, c_TimeOfClass, First_Session) values (57, 5, 6, 9, 1, '15:30:00','2022-08-04')
insert into Class (Class_ID, c_InstrumentID, c_StudentID, c_InstructorID, c_InstituteId, c_TimeOfClass, First_Session) values (58, 1, 1, 1, 2, '09:30:00','2022-07-19')
insert into Class (Class_ID, c_InstrumentID, c_StudentID, c_InstructorID, c_InstituteId, c_TimeOfClass, First_Session) values (59, 3, 4, 2, 3, '08:30:00','2022-08-20')
insert into Class (Class_ID, c_InstrumentID, c_StudentID, c_InstructorID, c_InstituteId, c_TimeOfClass, First_Session) values (60, 2, 2, 4, 3, '14:30:00','2022-08-13')

insert into Class (Class_ID, c_InstrumentID, c_StudentID, c_InstructorID, c_InstituteId, c_TimeOfClass, First_Session) values (61, 2, 1, 2, 2, '14:00:00','2022-05-08')
insert into Class (Class_ID, c_InstrumentID, c_StudentID, c_InstructorID, c_InstituteId, c_TimeOfClass, First_Session) values (62, 7, 5, 10, 2,'13:00:00','2022-04-19')
insert into Class (Class_ID, c_InstrumentID, c_StudentID, c_InstructorID, c_InstituteId, c_TimeOfClass, First_Session) values (63, 8, 7, 6, 3, '12:00:00','2022-04-18')
insert into Class (Class_ID, c_InstrumentID, c_StudentID, c_InstructorID, c_InstituteId, c_TimeOfClass, First_Session) values (64, 3, 3, 1, 1, '11:00:00','2022-05-28')
insert into Class (Class_ID, c_InstrumentID, c_StudentID, c_InstructorID, c_InstituteId, c_TimeOfClass, First_Session) values (65, 1, 1, 3, 2, '10:00:00','2022-04-25')
insert into Class (Class_ID, c_InstrumentID, c_StudentID, c_InstructorID, c_InstituteId, c_TimeOfClass, First_Session) values (66, 3, 2, 1, 3, '09:00:00','2022-05-18')
insert into Class (Class_ID, c_InstrumentID, c_StudentID, c_InstructorID, c_InstituteId, c_TimeOfClass, First_Session) values (67, 4, 9, 2, 1, '15:00:00','2022-04-27')
insert into Class (Class_ID, c_InstrumentID, c_StudentID, c_InstructorID, c_InstituteId, c_TimeOfClass, First_Session) values (68, 2, 8, 4, 3, '16:00:00','2022-05-29')
insert into Class (Class_ID, c_InstrumentID, c_StudentID, c_InstructorID, c_InstituteId, c_TimeOfClass, First_Session) values (69, 1, 6, 3, 2, '17:00:00','2022-04-17')
insert into Class (Class_ID, c_InstrumentID, c_StudentID, c_InstructorID, c_InstituteId, c_TimeOfClass, First_Session) values (70, 5, 4, 9, 1, '18:00:00','2022-04-28')

insert into Class (Class_ID, c_InstrumentID, c_StudentID, c_InstructorID, c_InstituteId, c_TimeOfClass, First_Session) values (71, 1, 5, 1, 1, '14:30:00','2022-02-16')
insert into Class (Class_ID, c_InstrumentID, c_StudentID, c_InstructorID, c_InstituteId, c_TimeOfClass, First_Session) values (72, 3, 7, 3, 3, '12:30:00','2022-02-16')
insert into Class (Class_ID, c_InstrumentID, c_StudentID, c_InstructorID, c_InstituteId, c_TimeOfClass, First_Session) values (73, 2, 2, 4, 2, '13:30:00','2022-01-24')
insert into Class (Class_ID, c_InstrumentID, c_StudentID, c_InstructorID, c_InstituteId, c_TimeOfClass, First_Session) values (74, 7, 3, 1, 1, '15:30:00','2022-02-16')
insert into Class (Class_ID, c_InstrumentID, c_StudentID, c_InstructorID, c_InstituteId, c_TimeOfClass, First_Session) values (75, 4, 9, 2, 1, '16:30:00','2022-02-17')
insert into Class (Class_ID, c_InstrumentID, c_StudentID, c_InstructorID, c_InstituteId, c_TimeOfClass, First_Session) values (76, 6, 8, 8, 1, '17:30:00','2022-02-18')
insert into Class (Class_ID, c_InstrumentID, c_StudentID, c_InstructorID, c_InstituteId, c_TimeOfClass, First_Session) values (77, 5, 10, 7, 1, '18:30:00','2022-02-18')
insert into Class (Class_ID, c_InstrumentID, c_StudentID, c_InstructorID, c_InstituteId, c_TimeOfClass, First_Session) values (78, 2, 4, 4, 2, '19:30:00','2022-02-17')
insert into Class (Class_ID, c_InstrumentID, c_StudentID, c_InstructorID, c_InstituteId, c_TimeOfClass, First_Session) values (79, 3, 2, 3, 3, '20:30:00','2022-02-06')
insert into Class (Class_ID, c_InstrumentID, c_StudentID, c_InstructorID, c_InstituteId, c_TimeOfClass, First_Session) values (80, 1, 1, 1, 2, '09:30:00','2022-01-25')

insert into Class (Class_ID, c_InstrumentID, c_StudentID, c_InstructorID, c_InstituteId, c_TimeOfClass, First_Session) values (81, 2, 5, 4, 1,'09:30:00', '2021-10-16')
insert into Class (Class_ID, c_InstrumentID, c_StudentID, c_InstructorID, c_InstituteId, c_TimeOfClass, First_Session) values (82, 1, 1, 1, 3,'08:30:00', '2021-10-26')
insert into Class (Class_ID, c_InstrumentID, c_StudentID, c_InstructorID, c_InstituteId, c_TimeOfClass, First_Session) values (83, 2, 6, 4, 1,'10:30:00', '2021-10-15')
insert into Class (Class_ID, c_InstrumentID, c_StudentID, c_InstructorID, c_InstituteId, c_TimeOfClass, First_Session) values (84, 3, 4, 3, 3,'11:30:00', '2021-10-30')
insert into Class (Class_ID, c_InstrumentID, c_StudentID, c_InstructorID, c_InstituteId, c_TimeOfClass, First_Session) values (85, 4, 2, 6, 2,'12:30:00', '2021-10-16')
insert into Class (Class_ID, c_InstrumentID, c_StudentID, c_InstructorID, c_InstituteId, c_TimeOfClass, First_Session) values (86, 3, 7, 1, 2,'13:30:00', '2021-10-22')
insert into Class (Class_ID, c_InstrumentID, c_StudentID, c_InstructorID, c_InstituteId, c_TimeOfClass, First_Session) values (87, 5, 8, 2, 3,'19:30:00', '2021-10-20')
insert into Class (Class_ID, c_InstrumentID, c_StudentID, c_InstructorID, c_InstituteId, c_TimeOfClass, First_Session) values (88, 7, 10, 5, 1, '20:30:00', '2021-10-12')
insert into Class (Class_ID, c_InstrumentID, c_StudentID, c_InstructorID, c_InstituteId, c_TimeOfClass, First_Session) values (89, 6, 9, 8, 2,'18:30:00', '2021-10-22')
insert into Class (Class_ID, c_InstrumentID, c_StudentID, c_InstructorID, c_InstituteId, c_TimeOfClass, First_Session) values (90, 8, 3, 9, 2, '16:30:00', '2021-10-11')

insert into Class (Class_ID, c_InstrumentID, c_StudentID, c_InstructorID, c_InstituteId, c_TimeOfClass, First_Session) values (91, 3, 2, 10, 3,'09:00:00', '2021-08-09')
insert into Class (Class_ID, c_InstrumentID, c_StudentID, c_InstructorID, c_InstituteId, c_TimeOfClass, First_Session) values (92, 1, 1, 3, 2, '19:00:00', '2021-08-01')
insert into Class (Class_ID, c_InstrumentID, c_StudentID, c_InstructorID, c_InstituteId, c_TimeOfClass, First_Session) values (93, 2, 4, 4, 1, '20:00:00', '2021-07-22')
insert into Class (Class_ID, c_InstrumentID, c_StudentID, c_InstructorID, c_InstituteId, c_TimeOfClass, First_Session) values (94, 4, 5, 8, 1, '13:30:00', '2021-08-01')
insert into Class (Class_ID, c_InstrumentID, c_StudentID, c_InstructorID, c_InstituteId, c_TimeOfClass, First_Session) values (95, 5, 8, 9, 1, '12:00:00', '2021-08-13')
insert into Class (Class_ID, c_InstrumentID, c_StudentID, c_InstructorID, c_InstituteId, c_TimeOfClass, First_Session) values (96, 3, 10, 1, 2,'09:30:00', '2021-07-28')
insert into Class (Class_ID, c_InstrumentID, c_StudentID, c_InstructorID, c_InstituteId, c_TimeOfClass, First_Session) values (97, 1, 6, 3, 3, '16:30:00', '2021-08-04')
insert into Class (Class_ID, c_InstrumentID, c_StudentID, c_InstructorID, c_InstituteId, c_TimeOfClass, First_Session) values (98, 2, 7, 5, 2, '17:00:00', '2021-08-18')
insert into Class (Class_ID, c_InstrumentID, c_StudentID, c_InstructorID, c_InstituteId, c_TimeOfClass, First_Session) values (99, 4, 9, 8, 3, '18:30:00', '2021-07-25')
insert into Class (Class_ID, c_InstrumentID, c_StudentID, c_InstructorID, c_InstituteId, c_TimeOfClass, First_Session) values (100, 7, 3, 7, 2,'14:30:00', '2021-08-02')

--Student null Final < Current -> Not Insert
-- insert into Class (Class_ID, c_InstrumentID, c_InstructorID, c_InstituteId, c_TimeOfClass, First_Session) values (101, 1, 1, 1, '08:30:00', '2020-10-03')

--Student null Final > Current -> Insert
-- insert into Class (Class_ID, c_InstrumentID, c_InstructorID, c_InstituteId, c_TimeOfClass, First_Session) values (101, 6, 8, 1, '08:30:00', '2023-10-13')

--Student Not null eligibility = 0
--Student Not null Final < Current -> Remaining Session = 0

--Same Time For Student
-- insert into Class (Class_ID, c_InstrumentID, c_StudentID, c_InstructorID, c_InstituteId, c_TimeOfClass, First_Session) values (102, 7, 3, 10, 2,'14:30:00', '2021-08-02')

--Same Time For Instructor
-- insert into Class (Class_ID, c_InstrumentID, c_StudentID, c_InstructorID, c_InstituteId, c_TimeOfClass, First_Session) values (102, 7, 5, 7, 2,'14:30:00', '2021-08-02')

--Trigger after Delete Class(Is_StudiedIn, Is_MemberOf, Is_Learning, Teaches)
--Time % minute 30 = 0
-- insert into Class (Class_ID, c_InstrumentID, c_StudentID, c_InstructorID, c_InstituteId, c_TimeOfClass, First_Session) values (102, 7, 5, 7, 2,'14:31:00', '2021-08-02')

-- Update Class For Student -> Eliginility must be 0
--SELECT * FROM Class WHERE Class_ID = 1
--UPDATE Class
--SET c_StudentID = 1
-- WHERE Class_ID = 1
--SELECT * FROM Class WHERE Class_ID = 1


--Insert Is_StudiedIn Values
insert into Is_StudiedIn(s_ClassID, s_BookID) values (80, 1)
insert into Is_StudiedIn(s_ClassID, s_BookID) values (80, 9)
insert into Is_StudiedIn(s_ClassID, s_BookID) values (80, 15)
insert into Is_StudiedIn(s_ClassID, s_BookID) values (100, 11)
insert into Is_StudiedIn(s_ClassID, s_BookID) values (99, 13)
insert into Is_StudiedIn(s_ClassID, s_BookID) values (100, 7)
insert into Is_StudiedIn(s_ClassID, s_BookID) values (98, 4)
insert into Is_StudiedIn(s_ClassID, s_BookID) values (98, 18)
insert into Is_StudiedIn(s_ClassID, s_BookID) values (97, 15)
insert into Is_StudiedIn(s_ClassID, s_BookID) values (96, 17)
insert into Is_StudiedIn(s_ClassID, s_BookID) values (96, 14)
insert into Is_StudiedIn(s_ClassID, s_BookID) values (95, 19)
insert into Is_StudiedIn(s_ClassID, s_BookID) values (94, 10)
insert into Is_StudiedIn(s_ClassID, s_BookID) values (93, 18)
insert into Is_StudiedIn(s_ClassID, s_BookID) values (92, 15)
insert into Is_StudiedIn(s_ClassID, s_BookID) values (91, 6)
insert into Is_StudiedIn(s_ClassID, s_BookID) values (90, 12)